{
    "valid_loss": 0.6067932697087526,
    "valid_acc": 0.8096953125
}